"Track URI","Track Name","Artist URI(s)","Artist Name(s)","Album URI","Album Name","Album Artist URI(s)","Album Artist Name(s)","Album Release Date","Album Image URL","Disc Number","Track Number","Track Duration (ms)","Track Preview URL","Explicit","Popularity","ISRC","Added By","Added At","Artist Genres","Danceability","Energy","D+E","Key","Loudness","Speechiness","Acousticness","Instrumentalness","Liveness","Valence","Tempo","Time Signature","Label","Copyrights","Year","Artist_Genres","Decade"
"spotify:track:3k79jB4aGmMDUQzEwa46Rz","vampire","spotify:artist:1McMsnEElThX1knmY4oliG","Olivia Rodrigo","spotify:album:5kqfR7EuGbyp8x27Pr1kY9","vampire","spotify:artist:1McMsnEElThX1knmY4oliG","Olivia Rodrigo","6/30/2023","https://i.scdn.co/image/ab67616d0000b2731e5e75dc1d878a0007cb6525",1,1,219724,"https://p.scdn.co/mp3-preview/f0e20e86946a0f01d0352ce0371faff987455d73?cid=9950ac751e34487dbbe027c4fd7f8e99",TRUE,98,"USUG12304091","spotify:user:bradnumber1",2023-07-05 22:55:39,"pop",0.511,0.532,1.043,5,-5.745,0.056,0.169,0,0.311,0.322,137.827,4,"Olivia Rodrigo PS","C c 2023 Olivia Rodrigo, under exclusive license to Geffen Records, P ? 2023 Olivia Rodrigo, under exclusive license to Geffen Records",2023,"pop",NA
"spotify:track:7FbrGaHYVDmfr7KoLIZnQ7","Cupid - Twin Ver.","spotify:artist:4GJ6xDCF5jaUqD6avOuQT6","FIFTY FIFTY","spotify:album:5letLUZIFsQikJYShfGNs4","The Beginning: Cupid","spotify:artist:4GJ6xDCF5jaUqD6avOuQT6","FIFTY FIFTY","2/24/2023","https://i.scdn.co/image/ab67616d0000b27337c0b3670236c067c8e8bbcb",1,2,174253,"https://p.scdn.co/mp3-preview/af5c16d4c69be9b3278e7079d5aab14aa425127b?cid=9950ac751e34487dbbe027c4fd7f8e99",FALSE,97,"KSA012239181","spotify:user:bradnumber1",2023-06-06 09:13:21,"k-pop girl group",0.783,0.592,1.375,11,-8.332,0.0331,0.435,4.15e-06,0.347,0.726,120.018,4,"WM Korea","C c 2023 ATTRAKT under exclusive license to Warner Music Korea, P ? 2023 ATTRAKT under exclusive license to Warner Music Korea",2023,"k-pop girl group",NA
"spotify:track:0yLdNVWF3Srea0uzk55zFn","Flowers","spotify:artist:5YGY8feqx7naU7z4HrwZM6","Miley Cyrus","spotify:album:7I0tjwFtxUwBC1vgyeMAax","Flowers","spotify:artist:5YGY8feqx7naU7z4HrwZM6","Miley Cyrus","1/13/2023","https://i.scdn.co/image/ab67616d0000b273f429549123dbe8552764ba1d",1,1,200454,"https://p.scdn.co/mp3-preview/9fbe346e805ed219204f53324f94557ab557b6d3?cid=9950ac751e34487dbbe027c4fd7f8e99",FALSE,96,"USSM12209777","spotify:user:bradnumber1",2023-02-01 19:33:29,"pop",0.707,0.681,1.388,0,-4.325,0.0668,0.0632,5.15e-06,0.0322,0.646,117.999,4,"Columbia","P (P) 2023 Smiley Miley, Inc. under exclusive license to Columbia Records, a Division of Sony Music Entertainment",2023,"pop",NA
"spotify:track:4h9wh7iOZ0GGn8QVp4RAOB","I Ain't Worried","spotify:artist:5Pwc4xIPtQLFEnJriah9YJ","OneRepublic","spotify:album:04PEOM6kIEeq9lRp1asNP2","I AinÅft Worried (Music From The Motion Picture ""Top Gun: Maverick"")","spotify:artist:5Pwc4xIPtQLFEnJriah9YJ","OneRepublic","5/13/2022","https://i.scdn.co/image/ab67616d0000b273ec96e006b8bdfc582610ec13",1,1,148485,"https://p.scdn.co/mp3-preview/20d702edf937db0248603243a310404923d5bffb?cid=9950ac751e34487dbbe027c4fd7f8e99",FALSE,95,"USUM72206227","spotify:user:bradnumber1",2022-08-28 06:14:50,"piano rock,pop",0.704,0.797,1.501,0,-5.927,0.0475,0.0826,0.000745,0.0546,0.825,139.994,4,"Interscope Records","C c 2022 Paramount Pictures, P ? 2022 Mosley Music/Interscope Records",2022,"piano rock",NA
"spotify:track:4h9wh7iOZ0GGn8QVp4RAOB","I Ain't Worried","spotify:artist:5Pwc4xIPtQLFEnJriah9YJ","OneRepublic","spotify:album:04PEOM6kIEeq9lRp1asNP2","I AinÅft Worried (Music From The Motion Picture ""Top Gun: Maverick"")","spotify:artist:5Pwc4xIPtQLFEnJriah9YJ","OneRepublic","5/13/2022","https://i.scdn.co/image/ab67616d0000b273ec96e006b8bdfc582610ec13",1,1,148485,"https://p.scdn.co/mp3-preview/20d702edf937db0248603243a310404923d5bffb?cid=9950ac751e34487dbbe027c4fd7f8e99",FALSE,95,"USUM72206227","spotify:user:bradnumber1",2022-08-28 06:14:50,"piano rock,pop",0.704,0.797,1.501,0,-5.927,0.0475,0.0826,0.000745,0.0546,0.825,139.994,4,"Interscope Records","C c 2022 Paramount Pictures, P ? 2022 Mosley Music/Interscope Records",2022,"pop",NA
"spotify:track:2dHHgzDwk4BJdRwy9uXhTO","Creepin' (with The Weeknd & 21 Savage)","spotify:artist:0iEtIxbK0KxaSlF7G42ZOp, spotify:artist:1Xyo4u8uXC1ZmMpatF05PJ, spotify:artist:1URnnhqYAYcrqrcwql10ft","Metro Boomin, The Weeknd, 21 Savage","spotify:album:7txGsnDSqVMoRl6RQ9XyZP","HEROES & VILLAINS","spotify:artist:0iEtIxbK0KxaSlF7G42ZOp","Metro Boomin","12/2/2022","https://i.scdn.co/image/ab67616d0000b27313e54d6687e65678d60466c2",1,10,221520,"https://p.scdn.co/mp3-preview/adc5d059e4ccc40bbad75f3844eb03546d9ab05a?cid=9950ac751e34487dbbe027c4fd7f8e99",TRUE,95,"USUG12208791","spotify:user:bradnumber1",2023-05-07 12:00:09,"hip hop,rap,canadian contemporary r&b,canadian pop,pop,atl hip hop,hip hop,rap,trap",0.715,0.62,1.335,1,-6.005,0.0484,0.417,0,0.0822,0.172,97.95,4,"Republic Records","C c 2022 Boominati Worldwide, LLC, under exclusive license to Republic Records, a division of UMG Recordings, Inc., P ? 2022 Boominati Worldwide, LLC, under exclusive license to Republic Records, a division of UMG Recordings, Inc.",2022,"hip hop",NA
"spotify:track:2dHHgzDwk4BJdRwy9uXhTO","Creepin' (with The Weeknd & 21 Savage)","spotify:artist:0iEtIxbK0KxaSlF7G42ZOp, spotify:artist:1Xyo4u8uXC1ZmMpatF05PJ, spotify:artist:1URnnhqYAYcrqrcwql10ft","Metro Boomin, The Weeknd, 21 Savage","spotify:album:7txGsnDSqVMoRl6RQ9XyZP","HEROES & VILLAINS","spotify:artist:0iEtIxbK0KxaSlF7G42ZOp","Metro Boomin","12/2/2022","https://i.scdn.co/image/ab67616d0000b27313e54d6687e65678d60466c2",1,10,221520,"https://p.scdn.co/mp3-preview/adc5d059e4ccc40bbad75f3844eb03546d9ab05a?cid=9950ac751e34487dbbe027c4fd7f8e99",TRUE,95,"USUG12208791","spotify:user:bradnumber1",2023-05-07 12:00:09,"hip hop,rap,canadian contemporary r&b,canadian pop,pop,atl hip hop,hip hop,rap,trap",0.715,0.62,1.335,1,-6.005,0.0484,0.417,0,0.0822,0.172,97.95,4,"Republic Records","C c 2022 Boominati Worldwide, LLC, under exclusive license to Republic Records, a division of UMG Recordings, Inc., P ? 2022 Boominati Worldwide, LLC, under exclusive license to Republic Records, a division of UMG Recordings, Inc.",2022,"rap",NA
"spotify:track:2dHHgzDwk4BJdRwy9uXhTO","Creepin' (with The Weeknd & 21 Savage)","spotify:artist:0iEtIxbK0KxaSlF7G42ZOp, spotify:artist:1Xyo4u8uXC1ZmMpatF05PJ, spotify:artist:1URnnhqYAYcrqrcwql10ft","Metro Boomin, The Weeknd, 21 Savage","spotify:album:7txGsnDSqVMoRl6RQ9XyZP","HEROES & VILLAINS","spotify:artist:0iEtIxbK0KxaSlF7G42ZOp","Metro Boomin","12/2/2022","https://i.scdn.co/image/ab67616d0000b27313e54d6687e65678d60466c2",1,10,221520,"https://p.scdn.co/mp3-preview/adc5d059e4ccc40bbad75f3844eb03546d9ab05a?cid=9950ac751e34487dbbe027c4fd7f8e99",TRUE,95,"USUG12208791","spotify:user:bradnumber1",2023-05-07 12:00:09,"hip hop,rap,canadian contemporary r&b,canadian pop,pop,atl hip hop,hip hop,rap,trap",0.715,0.62,1.335,1,-6.005,0.0484,0.417,0,0.0822,0.172,97.95,4,"Republic Records","C c 2022 Boominati Worldwide, LLC, under exclusive license to Republic Records, a division of UMG Recordings, Inc., P ? 2022 Boominati Worldwide, LLC, under exclusive license to Republic Records, a division of UMG Recordings, Inc.",2022,"canadian contemporary r&b",NA
"spotify:track:2dHHgzDwk4BJdRwy9uXhTO","Creepin' (with The Weeknd & 21 Savage)","spotify:artist:0iEtIxbK0KxaSlF7G42ZOp, spotify:artist:1Xyo4u8uXC1ZmMpatF05PJ, spotify:artist:1URnnhqYAYcrqrcwql10ft","Metro Boomin, The Weeknd, 21 Savage","spotify:album:7txGsnDSqVMoRl6RQ9XyZP","HEROES & VILLAINS","spotify:artist:0iEtIxbK0KxaSlF7G42ZOp","Metro Boomin","12/2/2022","https://i.scdn.co/image/ab67616d0000b27313e54d6687e65678d60466c2",1,10,221520,"https://p.scdn.co/mp3-preview/adc5d059e4ccc40bbad75f3844eb03546d9ab05a?cid=9950ac751e34487dbbe027c4fd7f8e99",TRUE,95,"USUG12208791","spotify:user:bradnumber1",2023-05-07 12:00:09,"hip hop,rap,canadian contemporary r&b,canadian pop,pop,atl hip hop,hip hop,rap,trap",0.715,0.62,1.335,1,-6.005,0.0484,0.417,0,0.0822,0.172,97.95,4,"Republic Records","C c 2022 Boominati Worldwide, LLC, under exclusive license to Republic Records, a division of UMG Recordings, Inc., P ? 2022 Boominati Worldwide, LLC, under exclusive license to Republic Records, a division of UMG Recordings, Inc.",2022,"canadian pop",NA
"spotify:track:2dHHgzDwk4BJdRwy9uXhTO","Creepin' (with The Weeknd & 21 Savage)","spotify:artist:0iEtIxbK0KxaSlF7G42ZOp, spotify:artist:1Xyo4u8uXC1ZmMpatF05PJ, spotify:artist:1URnnhqYAYcrqrcwql10ft","Metro Boomin, The Weeknd, 21 Savage","spotify:album:7txGsnDSqVMoRl6RQ9XyZP","HEROES & VILLAINS","spotify:artist:0iEtIxbK0KxaSlF7G42ZOp","Metro Boomin","12/2/2022","https://i.scdn.co/image/ab67616d0000b27313e54d6687e65678d60466c2",1,10,221520,"https://p.scdn.co/mp3-preview/adc5d059e4ccc40bbad75f3844eb03546d9ab05a?cid=9950ac751e34487dbbe027c4fd7f8e99",TRUE,95,"USUG12208791","spotify:user:bradnumber1",2023-05-07 12:00:09,"hip hop,rap,canadian contemporary r&b,canadian pop,pop,atl hip hop,hip hop,rap,trap",0.715,0.62,1.335,1,-6.005,0.0484,0.417,0,0.0822,0.172,97.95,4,"Republic Records","C c 2022 Boominati Worldwide, LLC, under exclusive license to Republic Records, a division of UMG Recordings, Inc., P ? 2022 Boominati Worldwide, LLC, under exclusive license to Republic Records, a division of UMG Recordings, Inc.",2022,"pop",NA
"spotify:track:2dHHgzDwk4BJdRwy9uXhTO","Creepin' (with The Weeknd & 21 Savage)","spotify:artist:0iEtIxbK0KxaSlF7G42ZOp, spotify:artist:1Xyo4u8uXC1ZmMpatF05PJ, spotify:artist:1URnnhqYAYcrqrcwql10ft","Metro Boomin, The Weeknd, 21 Savage","spotify:album:7txGsnDSqVMoRl6RQ9XyZP","HEROES & VILLAINS","spotify:artist:0iEtIxbK0KxaSlF7G42ZOp","Metro Boomin","12/2/2022","https://i.scdn.co/image/ab67616d0000b27313e54d6687e65678d60466c2",1,10,221520,"https://p.scdn.co/mp3-preview/adc5d059e4ccc40bbad75f3844eb03546d9ab05a?cid=9950ac751e34487dbbe027c4fd7f8e99",TRUE,95,"USUG12208791","spotify:user:bradnumber1",2023-05-07 12:00:09,"hip hop,rap,canadian contemporary r&b,canadian pop,pop,atl hip hop,hip hop,rap,trap",0.715,0.62,1.335,1,-6.005,0.0484,0.417,0,0.0822,0.172,97.95,4,"Republic Records","C c 2022 Boominati Worldwide, LLC, under exclusive license to Republic Records, a division of UMG Recordings, Inc., P ? 2022 Boominati Worldwide, LLC, under exclusive license to Republic Records, a division of UMG Recordings, Inc.",2022,"atl hip hop",NA
"spotify:track:2dHHgzDwk4BJdRwy9uXhTO","Creepin' (with The Weeknd & 21 Savage)","spotify:artist:0iEtIxbK0KxaSlF7G42ZOp, spotify:artist:1Xyo4u8uXC1ZmMpatF05PJ, spotify:artist:1URnnhqYAYcrqrcwql10ft","Metro Boomin, The Weeknd, 21 Savage","spotify:album:7txGsnDSqVMoRl6RQ9XyZP","HEROES & VILLAINS","spotify:artist:0iEtIxbK0KxaSlF7G42ZOp","Metro Boomin","12/2/2022","https://i.scdn.co/image/ab67616d0000b27313e54d6687e65678d60466c2",1,10,221520,"https://p.scdn.co/mp3-preview/adc5d059e4ccc40bbad75f3844eb03546d9ab05a?cid=9950ac751e34487dbbe027c4fd7f8e99",TRUE,95,"USUG12208791","spotify:user:bradnumber1",2023-05-07 12:00:09,"hip hop,rap,canadian contemporary r&b,canadian pop,pop,atl hip hop,hip hop,rap,trap",0.715,0.62,1.335,1,-6.005,0.0484,0.417,0,0.0822,0.172,97.95,4,"Republic Records","C c 2022 Boominati Worldwide, LLC, under exclusive license to Republic Records, a division of UMG Recordings, Inc., P ? 2022 Boominati Worldwide, LLC, under exclusive license to Republic Records, a division of UMG Recordings, Inc.",2022,"hip hop",NA
"spotify:track:2dHHgzDwk4BJdRwy9uXhTO","Creepin' (with The Weeknd & 21 Savage)","spotify:artist:0iEtIxbK0KxaSlF7G42ZOp, spotify:artist:1Xyo4u8uXC1ZmMpatF05PJ, spotify:artist:1URnnhqYAYcrqrcwql10ft","Metro Boomin, The Weeknd, 21 Savage","spotify:album:7txGsnDSqVMoRl6RQ9XyZP","HEROES & VILLAINS","spotify:artist:0iEtIxbK0KxaSlF7G42ZOp","Metro Boomin","12/2/2022","https://i.scdn.co/image/ab67616d0000b27313e54d6687e65678d60466c2",1,10,221520,"https://p.scdn.co/mp3-preview/adc5d059e4ccc40bbad75f3844eb03546d9ab05a?cid=9950ac751e34487dbbe027c4fd7f8e99",TRUE,95,"USUG12208791","spotify:user:bradnumber1",2023-05-07 12:00:09,"hip hop,rap,canadian contemporary r&b,canadian pop,pop,atl hip hop,hip hop,rap,trap",0.715,0.62,1.335,1,-6.005,0.0484,0.417,0,0.0822,0.172,97.95,4,"Republic Records","C c 2022 Boominati Worldwide, LLC, under exclusive license to Republic Records, a division of UMG Recordings, Inc., P ? 2022 Boominati Worldwide, LLC, under exclusive license to Republic Records, a division of UMG Recordings, Inc.",2022,"rap",NA
"spotify:track:2dHHgzDwk4BJdRwy9uXhTO","Creepin' (with The Weeknd & 21 Savage)","spotify:artist:0iEtIxbK0KxaSlF7G42ZOp, spotify:artist:1Xyo4u8uXC1ZmMpatF05PJ, spotify:artist:1URnnhqYAYcrqrcwql10ft","Metro Boomin, The Weeknd, 21 Savage","spotify:album:7txGsnDSqVMoRl6RQ9XyZP","HEROES & VILLAINS","spotify:artist:0iEtIxbK0KxaSlF7G42ZOp","Metro Boomin","12/2/2022","https://i.scdn.co/image/ab67616d0000b27313e54d6687e65678d60466c2",1,10,221520,"https://p.scdn.co/mp3-preview/adc5d059e4ccc40bbad75f3844eb03546d9ab05a?cid=9950ac751e34487dbbe027c4fd7f8e99",TRUE,95,"USUG12208791","spotify:user:bradnumber1",2023-05-07 12:00:09,"hip hop,rap,canadian contemporary r&b,canadian pop,pop,atl hip hop,hip hop,rap,trap",0.715,0.62,1.335,1,-6.005,0.0484,0.417,0,0.0822,0.172,97.95,4,"Republic Records","C c 2022 Boominati Worldwide, LLC, under exclusive license to Republic Records, a division of UMG Recordings, Inc., P ? 2022 Boominati Worldwide, LLC, under exclusive license to Republic Records, a division of UMG Recordings, Inc.",2022,"trap",NA
"spotify:track:0V3wPSX9ygBnCm8psDIegu","Anti-Hero","spotify:artist:06HL4z0CvFAxyc27GXpf02","Taylor Swift","spotify:album:151w1FgRZfnKZA9FEcg9Z3","Midnights","spotify:artist:06HL4z0CvFAxyc27GXpf02","Taylor Swift","10/21/2022","https://i.scdn.co/image/ab67616d0000b273bb54dde68cd23e2a268ae0f5",1,3,200690,"https://p.scdn.co/mp3-preview/8587a38f3496e9b17e33d89c322c4b69ba899d69?cid=9950ac751e34487dbbe027c4fd7f8e99",FALSE,95,"USUG12205736","spotify:user:bradnumber1",2022-11-02 00:25:27,"pop",0.637,0.643,1.28,4,-6.571,0.0519,0.13,1.8e-06,0.142,0.533,97.008,4,"Taylor Swift","C c 2022 Taylor Swift, P ? 2022 Taylor Swift",2022,"pop",NA
"spotify:track:1vYXt7VSjH9JIM5oRRo7vA","Dance The Night (From Barbie The Album)","spotify:artist:6M2wZ9GZgrQXHCFfjv46we","Dua Lipa","spotify:album:5cH7FqB7JD5q1tJXJ7FHYu","Dance The Night (From Barbie The Album)","spotify:artist:6M2wZ9GZgrQXHCFfjv46we","Dua Lipa","5/25/2023","https://i.scdn.co/image/ab67616d0000b2737dd3ba455ee3390cb55b0192",1,1,176579,"https://p.scdn.co/mp3-preview/acaea048f50a3b30ca24b348c84a6047373baabb?cid=9950ac751e34487dbbe027c4fd7f8e99",FALSE,95,"USAT22305457","spotify:user:bradnumber1",2023-05-28 04:12:13,"dance pop,pop,uk pop",0.671,0.845,1.516,11,-4.93,0.048,0.0207,0,0.329,0.775,110.056,4,"Atlantic Records","C c 2023 Atlantic Recording Corporation, Warner Bros. Entertainment, Inc. & Mattel, Inc., P ? 2023 Atlantic Recording Corporation, Warner Bros. Entertainment, Inc. & Mattel, Inc.",2023,"dance pop",NA
"spotify:track:1vYXt7VSjH9JIM5oRRo7vA","Dance The Night (From Barbie The Album)","spotify:artist:6M2wZ9GZgrQXHCFfjv46we","Dua Lipa","spotify:album:5cH7FqB7JD5q1tJXJ7FHYu","Dance The Night (From Barbie The Album)","spotify:artist:6M2wZ9GZgrQXHCFfjv46we","Dua Lipa","5/25/2023","https://i.scdn.co/image/ab67616d0000b2737dd3ba455ee3390cb55b0192",1,1,176579,"https://p.scdn.co/mp3-preview/acaea048f50a3b30ca24b348c84a6047373baabb?cid=9950ac751e34487dbbe027c4fd7f8e99",FALSE,95,"USAT22305457","spotify:user:bradnumber1",2023-05-28 04:12:13,"dance pop,pop,uk pop",0.671,0.845,1.516,11,-4.93,0.048,0.0207,0,0.329,0.775,110.056,4,"Atlantic Records","C c 2023 Atlantic Recording Corporation, Warner Bros. Entertainment, Inc. & Mattel, Inc., P ? 2023 Atlantic Recording Corporation, Warner Bros. Entertainment, Inc. & Mattel, Inc.",2023,"pop",NA
"spotify:track:1vYXt7VSjH9JIM5oRRo7vA","Dance The Night (From Barbie The Album)","spotify:artist:6M2wZ9GZgrQXHCFfjv46we","Dua Lipa","spotify:album:5cH7FqB7JD5q1tJXJ7FHYu","Dance The Night (From Barbie The Album)","spotify:artist:6M2wZ9GZgrQXHCFfjv46we","Dua Lipa","5/25/2023","https://i.scdn.co/image/ab67616d0000b2737dd3ba455ee3390cb55b0192",1,1,176579,"https://p.scdn.co/mp3-preview/acaea048f50a3b30ca24b348c84a6047373baabb?cid=9950ac751e34487dbbe027c4fd7f8e99",FALSE,95,"USAT22305457","spotify:user:bradnumber1",2023-05-28 04:12:13,"dance pop,pop,uk pop",0.671,0.845,1.516,11,-4.93,0.048,0.0207,0,0.329,0.775,110.056,4,"Atlantic Records","C c 2023 Atlantic Recording Corporation, Warner Bros. Entertainment, Inc. & Mattel, Inc., P ? 2023 Atlantic Recording Corporation, Warner Bros. Entertainment, Inc. & Mattel, Inc.",2023,"uk pop",NA
"spotify:track:4uUG5RXrOk84mYEfFvj3cK","I'm Good (Blue)","spotify:artist:1Cs0zKBU1kc0i8ypK3B9ai, spotify:artist:64M6ah0SkkRsnPGtGiRAbb","David Guetta, Bebe Rexha","spotify:album:7M842DMhYVALrXsw3ty7B3","I'm Good (Blue)","spotify:artist:1Cs0zKBU1kc0i8ypK3B9ai, spotify:artist:64M6ah0SkkRsnPGtGiRAbb","David Guetta, Bebe Rexha","8/26/2022","https://i.scdn.co/image/ab67616d0000b273933c036cd61cd40d3f17a9c4",1,1,175238,"https://p.scdn.co/mp3-preview/c1de960c1a98f7ab652331e5223c50baba75c460?cid=9950ac751e34487dbbe027c4fd7f8e99",TRUE,95,"UKWLG2200055","spotify:user:bradnumber1",2022-08-31 00:29:21,"big room,dance pop,edm,pop,pop dance,dance pop,pop",0.561,0.965,1.526,7,-3.673,0.0343,0.00383,7.07e-06,0.371,0.304,128.04,4,"Parlophone UK","C Under license to Warner Music UK Limited, c 2022 What A DJ Ltd, P Under license to Warner Music UK Limited, ? 2022 What A DJ Ltd",2022,"big room",NA
"spotify:track:4uUG5RXrOk84mYEfFvj3cK","I'm Good (Blue)","spotify:artist:1Cs0zKBU1kc0i8ypK3B9ai, spotify:artist:64M6ah0SkkRsnPGtGiRAbb","David Guetta, Bebe Rexha","spotify:album:7M842DMhYVALrXsw3ty7B3","I'm Good (Blue)","spotify:artist:1Cs0zKBU1kc0i8ypK3B9ai, spotify:artist:64M6ah0SkkRsnPGtGiRAbb","David Guetta, Bebe Rexha","8/26/2022","https://i.scdn.co/image/ab67616d0000b273933c036cd61cd40d3f17a9c4",1,1,175238,"https://p.scdn.co/mp3-preview/c1de960c1a98f7ab652331e5223c50baba75c460?cid=9950ac751e34487dbbe027c4fd7f8e99",TRUE,95,"UKWLG2200055","spotify:user:bradnumber1",2022-08-31 00:29:21,"big room,dance pop,edm,pop,pop dance,dance pop,pop",0.561,0.965,1.526,7,-3.673,0.0343,0.00383,7.07e-06,0.371,0.304,128.04,4,"Parlophone UK","C Under license to Warner Music UK Limited, c 2022 What A DJ Ltd, P Under license to Warner Music UK Limited, ? 2022 What A DJ Ltd",2022,"dance pop",NA
"spotify:track:4uUG5RXrOk84mYEfFvj3cK","I'm Good (Blue)","spotify:artist:1Cs0zKBU1kc0i8ypK3B9ai, spotify:artist:64M6ah0SkkRsnPGtGiRAbb","David Guetta, Bebe Rexha","spotify:album:7M842DMhYVALrXsw3ty7B3","I'm Good (Blue)","spotify:artist:1Cs0zKBU1kc0i8ypK3B9ai, spotify:artist:64M6ah0SkkRsnPGtGiRAbb","David Guetta, Bebe Rexha","8/26/2022","https://i.scdn.co/image/ab67616d0000b273933c036cd61cd40d3f17a9c4",1,1,175238,"https://p.scdn.co/mp3-preview/c1de960c1a98f7ab652331e5223c50baba75c460?cid=9950ac751e34487dbbe027c4fd7f8e99",TRUE,95,"UKWLG2200055","spotify:user:bradnumber1",2022-08-31 00:29:21,"big room,dance pop,edm,pop,pop dance,dance pop,pop",0.561,0.965,1.526,7,-3.673,0.0343,0.00383,7.07e-06,0.371,0.304,128.04,4,"Parlophone UK","C Under license to Warner Music UK Limited, c 2022 What A DJ Ltd, P Under license to Warner Music UK Limited, ? 2022 What A DJ Ltd",2022,"edm",NA
"spotify:track:4uUG5RXrOk84mYEfFvj3cK","I'm Good (Blue)","spotify:artist:1Cs0zKBU1kc0i8ypK3B9ai, spotify:artist:64M6ah0SkkRsnPGtGiRAbb","David Guetta, Bebe Rexha","spotify:album:7M842DMhYVALrXsw3ty7B3","I'm Good (Blue)","spotify:artist:1Cs0zKBU1kc0i8ypK3B9ai, spotify:artist:64M6ah0SkkRsnPGtGiRAbb","David Guetta, Bebe Rexha","8/26/2022","https://i.scdn.co/image/ab67616d0000b273933c036cd61cd40d3f17a9c4",1,1,175238,"https://p.scdn.co/mp3-preview/c1de960c1a98f7ab652331e5223c50baba75c460?cid=9950ac751e34487dbbe027c4fd7f8e99",TRUE,95,"UKWLG2200055","spotify:user:bradnumber1",2022-08-31 00:29:21,"big room,dance pop,edm,pop,pop dance,dance pop,pop",0.561,0.965,1.526,7,-3.673,0.0343,0.00383,7.07e-06,0.371,0.304,128.04,4,"Parlophone UK","C Under license to Warner Music UK Limited, c 2022 What A DJ Ltd, P Under license to Warner Music UK Limited, ? 2022 What A DJ Ltd",2022,"pop",NA
"spotify:track:4uUG5RXrOk84mYEfFvj3cK","I'm Good (Blue)","spotify:artist:1Cs0zKBU1kc0i8ypK3B9ai, spotify:artist:64M6ah0SkkRsnPGtGiRAbb","David Guetta, Bebe Rexha","spotify:album:7M842DMhYVALrXsw3ty7B3","I'm Good (Blue)","spotify:artist:1Cs0zKBU1kc0i8ypK3B9ai, spotify:artist:64M6ah0SkkRsnPGtGiRAbb","David Guetta, Bebe Rexha","8/26/2022","https://i.scdn.co/image/ab67616d0000b273933c036cd61cd40d3f17a9c4",1,1,175238,"https://p.scdn.co/mp3-preview/c1de960c1a98f7ab652331e5223c50baba75c460?cid=9950ac751e34487dbbe027c4fd7f8e99",TRUE,95,"UKWLG2200055","spotify:user:bradnumber1",2022-08-31 00:29:21,"big room,dance pop,edm,pop,pop dance,dance pop,pop",0.561,0.965,1.526,7,-3.673,0.0343,0.00383,7.07e-06,0.371,0.304,128.04,4,"Parlophone UK","C Under license to Warner Music UK Limited, c 2022 What A DJ Ltd, P Under license to Warner Music UK Limited, ? 2022 What A DJ Ltd",2022,"pop dance",NA
"spotify:track:4uUG5RXrOk84mYEfFvj3cK","I'm Good (Blue)","spotify:artist:1Cs0zKBU1kc0i8ypK3B9ai, spotify:artist:64M6ah0SkkRsnPGtGiRAbb","David Guetta, Bebe Rexha","spotify:album:7M842DMhYVALrXsw3ty7B3","I'm Good (Blue)","spotify:artist:1Cs0zKBU1kc0i8ypK3B9ai, spotify:artist:64M6ah0SkkRsnPGtGiRAbb","David Guetta, Bebe Rexha","8/26/2022","https://i.scdn.co/image/ab67616d0000b273933c036cd61cd40d3f17a9c4",1,1,175238,"https://p.scdn.co/mp3-preview/c1de960c1a98f7ab652331e5223c50baba75c460?cid=9950ac751e34487dbbe027c4fd7f8e99",TRUE,95,"UKWLG2200055","spotify:user:bradnumber1",2022-08-31 00:29:21,"big room,dance pop,edm,pop,pop dance,dance pop,pop",0.561,0.965,1.526,7,-3.673,0.0343,0.00383,7.07e-06,0.371,0.304,128.04,4,"Parlophone UK","C Under license to Warner Music UK Limited, c 2022 What A DJ Ltd, P Under license to Warner Music UK Limited, ? 2022 What A DJ Ltd",2022,"dance pop",NA
"spotify:track:4uUG5RXrOk84mYEfFvj3cK","I'm Good (Blue)","spotify:artist:1Cs0zKBU1kc0i8ypK3B9ai, spotify:artist:64M6ah0SkkRsnPGtGiRAbb","David Guetta, Bebe Rexha","spotify:album:7M842DMhYVALrXsw3ty7B3","I'm Good (Blue)","spotify:artist:1Cs0zKBU1kc0i8ypK3B9ai, spotify:artist:64M6ah0SkkRsnPGtGiRAbb","David Guetta, Bebe Rexha","8/26/2022","https://i.scdn.co/image/ab67616d0000b273933c036cd61cd40d3f17a9c4",1,1,175238,"https://p.scdn.co/mp3-preview/c1de960c1a98f7ab652331e5223c50baba75c460?cid=9950ac751e34487dbbe027c4fd7f8e99",TRUE,95,"UKWLG2200055","spotify:user:bradnumber1",2022-08-31 00:29:21,"big room,dance pop,edm,pop,pop dance,dance pop,pop",0.561,0.965,1.526,7,-3.673,0.0343,0.00383,7.07e-06,0.371,0.304,128.04,4,"Parlophone UK","C Under license to Warner Music UK Limited, c 2022 What A DJ Ltd, P Under license to Warner Music UK Limited, ? 2022 What A DJ Ltd",2022,"pop",NA
"spotify:track:7MXVkk9YMctZqd1Srtv4MB","Starboy","spotify:artist:1Xyo4u8uXC1ZmMpatF05PJ, spotify:artist:4tZwfgrHOc3mvqYlEYSvVi","The Weeknd, Daft Punk","spotify:album:2ODvWsOgouMbaA5xf0RkJe","Starboy","spotify:artist:1Xyo4u8uXC1ZmMpatF05PJ","The Weeknd","11/25/2016","https://i.scdn.co/image/ab67616d0000b2734718e2b124f79258be7bc452",1,1,230453,"https://p.scdn.co/mp3-preview/57c1238d183c40da3157c2892346f58445b1377c?cid=9950ac751e34487dbbe027c4fd7f8e99",TRUE,94,"USUG11600976","spotify:user:bradnumber1",2021-08-08 09:26:31,"canadian contemporary r&b,canadian pop,pop,electro,filter house,rock",0.679,0.587,1.266,7,-7.015,0.276,0.141,6.35e-06,0.137,0.486,186.003,4,"Universal Republic Records","C c 2016 The Weeknd XO, Inc., Manufactured and Marketed by Republic Records, a Division of UMG Recordings, Inc., P ? 2016 The Weeknd XO, Inc., Manufactured and Marketed by Republic Records, a Division of UMG Recordings, Inc.",2016,"canadian contemporary r&b","2020"
"spotify:track:7MXVkk9YMctZqd1Srtv4MB","Starboy","spotify:artist:1Xyo4u8uXC1ZmMpatF05PJ, spotify:artist:4tZwfgrHOc3mvqYlEYSvVi","The Weeknd, Daft Punk","spotify:album:2ODvWsOgouMbaA5xf0RkJe","Starboy","spotify:artist:1Xyo4u8uXC1ZmMpatF05PJ","The Weeknd","11/25/2016","https://i.scdn.co/image/ab67616d0000b2734718e2b124f79258be7bc452",1,1,230453,"https://p.scdn.co/mp3-preview/57c1238d183c40da3157c2892346f58445b1377c?cid=9950ac751e34487dbbe027c4fd7f8e99",TRUE,94,"USUG11600976","spotify:user:bradnumber1",2021-08-08 09:26:31,"canadian contemporary r&b,canadian pop,pop,electro,filter house,rock",0.679,0.587,1.266,7,-7.015,0.276,0.141,6.35e-06,0.137,0.486,186.003,4,"Universal Republic Records","C c 2016 The Weeknd XO, Inc., Manufactured and Marketed by Republic Records, a Division of UMG Recordings, Inc., P ? 2016 The Weeknd XO, Inc., Manufactured and Marketed by Republic Records, a Division of UMG Recordings, Inc.",2016,"canadian pop","2020"
"spotify:track:7MXVkk9YMctZqd1Srtv4MB","Starboy","spotify:artist:1Xyo4u8uXC1ZmMpatF05PJ, spotify:artist:4tZwfgrHOc3mvqYlEYSvVi","The Weeknd, Daft Punk","spotify:album:2ODvWsOgouMbaA5xf0RkJe","Starboy","spotify:artist:1Xyo4u8uXC1ZmMpatF05PJ","The Weeknd","11/25/2016","https://i.scdn.co/image/ab67616d0000b2734718e2b124f79258be7bc452",1,1,230453,"https://p.scdn.co/mp3-preview/57c1238d183c40da3157c2892346f58445b1377c?cid=9950ac751e34487dbbe027c4fd7f8e99",TRUE,94,"USUG11600976","spotify:user:bradnumber1",2021-08-08 09:26:31,"canadian contemporary r&b,canadian pop,pop,electro,filter house,rock",0.679,0.587,1.266,7,-7.015,0.276,0.141,6.35e-06,0.137,0.486,186.003,4,"Universal Republic Records","C c 2016 The Weeknd XO, Inc., Manufactured and Marketed by Republic Records, a Division of UMG Recordings, Inc., P ? 2016 The Weeknd XO, Inc., Manufactured and Marketed by Republic Records, a Division of UMG Recordings, Inc.",2016,"pop","2020"
"spotify:track:7MXVkk9YMctZqd1Srtv4MB","Starboy","spotify:artist:1Xyo4u8uXC1ZmMpatF05PJ, spotify:artist:4tZwfgrHOc3mvqYlEYSvVi","The Weeknd, Daft Punk","spotify:album:2ODvWsOgouMbaA5xf0RkJe","Starboy","spotify:artist:1Xyo4u8uXC1ZmMpatF05PJ","The Weeknd","11/25/2016","https://i.scdn.co/image/ab67616d0000b2734718e2b124f79258be7bc452",1,1,230453,"https://p.scdn.co/mp3-preview/57c1238d183c40da3157c2892346f58445b1377c?cid=9950ac751e34487dbbe027c4fd7f8e99",TRUE,94,"USUG11600976","spotify:user:bradnumber1",2021-08-08 09:26:31,"canadian contemporary r&b,canadian pop,pop,electro,filter house,rock",0.679,0.587,1.266,7,-7.015,0.276,0.141,6.35e-06,0.137,0.486,186.003,4,"Universal Republic Records","C c 2016 The Weeknd XO, Inc., Manufactured and Marketed by Republic Records, a Division of UMG Recordings, Inc., P ? 2016 The Weeknd XO, Inc., Manufactured and Marketed by Republic Records, a Division of UMG Recordings, Inc.",2016,"electro","2020"
"spotify:track:7MXVkk9YMctZqd1Srtv4MB","Starboy","spotify:artist:1Xyo4u8uXC1ZmMpatF05PJ, spotify:artist:4tZwfgrHOc3mvqYlEYSvVi","The Weeknd, Daft Punk","spotify:album:2ODvWsOgouMbaA5xf0RkJe","Starboy","spotify:artist:1Xyo4u8uXC1ZmMpatF05PJ","The Weeknd","11/25/2016","https://i.scdn.co/image/ab67616d0000b2734718e2b124f79258be7bc452",1,1,230453,"https://p.scdn.co/mp3-preview/57c1238d183c40da3157c2892346f58445b1377c?cid=9950ac751e34487dbbe027c4fd7f8e99",TRUE,94,"USUG11600976","spotify:user:bradnumber1",2021-08-08 09:26:31,"canadian contemporary r&b,canadian pop,pop,electro,filter house,rock",0.679,0.587,1.266,7,-7.015,0.276,0.141,6.35e-06,0.137,0.486,186.003,4,"Universal Republic Records","C c 2016 The Weeknd XO, Inc., Manufactured and Marketed by Republic Records, a Division of UMG Recordings, Inc., P ? 2016 The Weeknd XO, Inc., Manufactured and Marketed by Republic Records, a Division of UMG Recordings, Inc.",2016,"filter house","2020"
"spotify:track:7MXVkk9YMctZqd1Srtv4MB","Starboy","spotify:artist:1Xyo4u8uXC1ZmMpatF05PJ, spotify:artist:4tZwfgrHOc3mvqYlEYSvVi","The Weeknd, Daft Punk","spotify:album:2ODvWsOgouMbaA5xf0RkJe","Starboy","spotify:artist:1Xyo4u8uXC1ZmMpatF05PJ","The Weeknd","11/25/2016","https://i.scdn.co/image/ab67616d0000b2734718e2b124f79258be7bc452",1,1,230453,"https://p.scdn.co/mp3-preview/57c1238d183c40da3157c2892346f58445b1377c?cid=9950ac751e34487dbbe027c4fd7f8e99",TRUE,94,"USUG11600976","spotify:user:bradnumber1",2021-08-08 09:26:31,"canadian contemporary r&b,canadian pop,pop,electro,filter house,rock",0.679,0.587,1.266,7,-7.015,0.276,0.141,6.35e-06,0.137,0.486,186.003,4,"Universal Republic Records","C c 2016 The Weeknd XO, Inc., Manufactured and Marketed by Republic Records, a Division of UMG Recordings, Inc., P ? 2016 The Weeknd XO, Inc., Manufactured and Marketed by Republic Records, a Division of UMG Recordings, Inc.",2016,"rock","2020"
"spotify:track:0WtM2NBVQNNJLh6scP13H8","Calm Down (with Selena Gomez)","spotify:artist:46pWGuE3dSwY3bMMXGBvVS, spotify:artist:0C8ZW7ezQVs4URX5aX7Kqx","Rema, Selena Gomez","spotify:album:2b2GHWESCWEuHiCZ2Skedp","Calm Down (with Selena Gomez)","spotify:artist:46pWGuE3dSwY3bMMXGBvVS, spotify:artist:0C8ZW7ezQVs4URX5aX7Kqx","Rema, Selena Gomez","8/25/2022","https://i.scdn.co/image/ab67616d0000b273a3a7f38ea2033aa501afd4cf",1,1,239317,"https://p.scdn.co/mp3-preview/b61b32e2928081fc98d438fd8c72919ab4fb12a4?cid=9950ac751e34487dbbe027c4fd7f8e99",FALSE,94,"NGA3B2214021","spotify:user:bradnumber1",2023-07-05 22:56:51,"afrobeats,nigerian pop,pop,post-teen pop",0.801,0.806,1.607,11,-5.206,0.0381,0.382,0.000669,0.114,0.802,106.999,4,"Mavin Records / Jonzing World","C c 2022 Mavin Global Holdings Ltd/Jonzing World Entertainment/SMG Music LLC, under exclusive licence to Interscope Records, P ? 2022 Mavin Global Holdings Ltd/Jonzing World Entertainment/SMG Music LLC, under exclusive licence to Interscope Records",2022,"afrobeats",NA
"spotify:track:0WtM2NBVQNNJLh6scP13H8","Calm Down (with Selena Gomez)","spotify:artist:46pWGuE3dSwY3bMMXGBvVS, spotify:artist:0C8ZW7ezQVs4URX5aX7Kqx","Rema, Selena Gomez","spotify:album:2b2GHWESCWEuHiCZ2Skedp","Calm Down (with Selena Gomez)","spotify:artist:46pWGuE3dSwY3bMMXGBvVS, spotify:artist:0C8ZW7ezQVs4URX5aX7Kqx","Rema, Selena Gomez","8/25/2022","https://i.scdn.co/image/ab67616d0000b273a3a7f38ea2033aa501afd4cf",1,1,239317,"https://p.scdn.co/mp3-preview/b61b32e2928081fc98d438fd8c72919ab4fb12a4?cid=9950ac751e34487dbbe027c4fd7f8e99",FALSE,94,"NGA3B2214021","spotify:user:bradnumber1",2023-07-05 22:56:51,"afrobeats,nigerian pop,pop,post-teen pop",0.801,0.806,1.607,11,-5.206,0.0381,0.382,0.000669,0.114,0.802,106.999,4,"Mavin Records / Jonzing World","C c 2022 Mavin Global Holdings Ltd/Jonzing World Entertainment/SMG Music LLC, under exclusive licence to Interscope Records, P ? 2022 Mavin Global Holdings Ltd/Jonzing World Entertainment/SMG Music LLC, under exclusive licence to Interscope Records",2022,"nigerian pop",NA
"spotify:track:0WtM2NBVQNNJLh6scP13H8","Calm Down (with Selena Gomez)","spotify:artist:46pWGuE3dSwY3bMMXGBvVS, spotify:artist:0C8ZW7ezQVs4URX5aX7Kqx","Rema, Selena Gomez","spotify:album:2b2GHWESCWEuHiCZ2Skedp","Calm Down (with Selena Gomez)","spotify:artist:46pWGuE3dSwY3bMMXGBvVS, spotify:artist:0C8ZW7ezQVs4URX5aX7Kqx","Rema, Selena Gomez","8/25/2022","https://i.scdn.co/image/ab67616d0000b273a3a7f38ea2033aa501afd4cf",1,1,239317,"https://p.scdn.co/mp3-preview/b61b32e2928081fc98d438fd8c72919ab4fb12a4?cid=9950ac751e34487dbbe027c4fd7f8e99",FALSE,94,"NGA3B2214021","spotify:user:bradnumber1",2023-07-05 22:56:51,"afrobeats,nigerian pop,pop,post-teen pop",0.801,0.806,1.607,11,-5.206,0.0381,0.382,0.000669,0.114,0.802,106.999,4,"Mavin Records / Jonzing World","C c 2022 Mavin Global Holdings Ltd/Jonzing World Entertainment/SMG Music LLC, under exclusive licence to Interscope Records, P ? 2022 Mavin Global Holdings Ltd/Jonzing World Entertainment/SMG Music LLC, under exclusive licence to Interscope Records",2022,"pop",NA
"spotify:track:0WtM2NBVQNNJLh6scP13H8","Calm Down (with Selena Gomez)","spotify:artist:46pWGuE3dSwY3bMMXGBvVS, spotify:artist:0C8ZW7ezQVs4URX5aX7Kqx","Rema, Selena Gomez","spotify:album:2b2GHWESCWEuHiCZ2Skedp","Calm Down (with Selena Gomez)","spotify:artist:46pWGuE3dSwY3bMMXGBvVS, spotify:artist:0C8ZW7ezQVs4URX5aX7Kqx","Rema, Selena Gomez","8/25/2022","https://i.scdn.co/image/ab67616d0000b273a3a7f38ea2033aa501afd4cf",1,1,239317,"https://p.scdn.co/mp3-preview/b61b32e2928081fc98d438fd8c72919ab4fb12a4?cid=9950ac751e34487dbbe027c4fd7f8e99",FALSE,94,"NGA3B2214021","spotify:user:bradnumber1",2023-07-05 22:56:51,"afrobeats,nigerian pop,pop,post-teen pop",0.801,0.806,1.607,11,-5.206,0.0381,0.382,0.000669,0.114,0.802,106.999,4,"Mavin Records / Jonzing World","C c 2022 Mavin Global Holdings Ltd/Jonzing World Entertainment/SMG Music LLC, under exclusive licence to Interscope Records, P ? 2022 Mavin Global Holdings Ltd/Jonzing World Entertainment/SMG Music LLC, under exclusive licence to Interscope Records",2022,"post-teen pop",NA
"spotify:track:3BKD1PwArikchz2Zrlp1qi","Baby Don't Hurt Me","spotify:artist:1Cs0zKBU1kc0i8ypK3B9ai, spotify:artist:1zNqDE7qDGCsyzJwohVaoX, spotify:artist:6AMd49uBDJfhf30Ak2QR5s","David Guetta, Anne-Marie, Coi Leray","spotify:album:327tc3Eruk1HP1w62iqROy","Baby Don't Hurt Me","spotify:artist:1Cs0zKBU1kc0i8ypK3B9ai, spotify:artist:1zNqDE7qDGCsyzJwohVaoX, spotify:artist:6AMd49uBDJfhf30Ak2QR5s","David Guetta, Anne-Marie, Coi Leray","4/6/2023","https://i.scdn.co/image/ab67616d0000b2730b4ef75c3728599aa4104f7a",1,1,140017,"https://p.scdn.co/mp3-preview/a8f2e176e17e0f6298b42ef8e96118318fdd2b89?cid=9950ac751e34487dbbe027c4fd7f8e99",FALSE,94,"UKWLG2300016","spotify:user:bradnumber1",2023-07-11 05:37:45,"big room,dance pop,edm,pop,pop dance,pop,new jersey underground rap,trap queen",0.602,0.91,1.512,7,-3.404,0.0308,0.00126,0.000174,0.12,0.228,127.944,4,"Parlophone UK","C Under license to Warner Music UK Limited, c 2023 What A DJ Ltd, P Under license to Warner Music UK Limited, ? 2023 What A DJ Ltd",2023,"big room",NA
"spotify:track:3BKD1PwArikchz2Zrlp1qi","Baby Don't Hurt Me","spotify:artist:1Cs0zKBU1kc0i8ypK3B9ai, spotify:artist:1zNqDE7qDGCsyzJwohVaoX, spotify:artist:6AMd49uBDJfhf30Ak2QR5s","David Guetta, Anne-Marie, Coi Leray","spotify:album:327tc3Eruk1HP1w62iqROy","Baby Don't Hurt Me","spotify:artist:1Cs0zKBU1kc0i8ypK3B9ai, spotify:artist:1zNqDE7qDGCsyzJwohVaoX, spotify:artist:6AMd49uBDJfhf30Ak2QR5s","David Guetta, Anne-Marie, Coi Leray","4/6/2023","https://i.scdn.co/image/ab67616d0000b2730b4ef75c3728599aa4104f7a",1,1,140017,"https://p.scdn.co/mp3-preview/a8f2e176e17e0f6298b42ef8e96118318fdd2b89?cid=9950ac751e34487dbbe027c4fd7f8e99",FALSE,94,"UKWLG2300016","spotify:user:bradnumber1",2023-07-11 05:37:45,"big room,dance pop,edm,pop,pop dance,pop,new jersey underground rap,trap queen",0.602,0.91,1.512,7,-3.404,0.0308,0.00126,0.000174,0.12,0.228,127.944,4,"Parlophone UK","C Under license to Warner Music UK Limited, c 2023 What A DJ Ltd, P Under license to Warner Music UK Limited, ? 2023 What A DJ Ltd",2023,"dance pop",NA
"spotify:track:3BKD1PwArikchz2Zrlp1qi","Baby Don't Hurt Me","spotify:artist:1Cs0zKBU1kc0i8ypK3B9ai, spotify:artist:1zNqDE7qDGCsyzJwohVaoX, spotify:artist:6AMd49uBDJfhf30Ak2QR5s","David Guetta, Anne-Marie, Coi Leray","spotify:album:327tc3Eruk1HP1w62iqROy","Baby Don't Hurt Me","spotify:artist:1Cs0zKBU1kc0i8ypK3B9ai, spotify:artist:1zNqDE7qDGCsyzJwohVaoX, spotify:artist:6AMd49uBDJfhf30Ak2QR5s","David Guetta, Anne-Marie, Coi Leray","4/6/2023","https://i.scdn.co/image/ab67616d0000b2730b4ef75c3728599aa4104f7a",1,1,140017,"https://p.scdn.co/mp3-preview/a8f2e176e17e0f6298b42ef8e96118318fdd2b89?cid=9950ac751e34487dbbe027c4fd7f8e99",FALSE,94,"UKWLG2300016","spotify:user:bradnumber1",2023-07-11 05:37:45,"big room,dance pop,edm,pop,pop dance,pop,new jersey underground rap,trap queen",0.602,0.91,1.512,7,-3.404,0.0308,0.00126,0.000174,0.12,0.228,127.944,4,"Parlophone UK","C Under license to Warner Music UK Limited, c 2023 What A DJ Ltd, P Under license to Warner Music UK Limited, ? 2023 What A DJ Ltd",2023,"edm",NA
"spotify:track:3BKD1PwArikchz2Zrlp1qi","Baby Don't Hurt Me","spotify:artist:1Cs0zKBU1kc0i8ypK3B9ai, spotify:artist:1zNqDE7qDGCsyzJwohVaoX, spotify:artist:6AMd49uBDJfhf30Ak2QR5s","David Guetta, Anne-Marie, Coi Leray","spotify:album:327tc3Eruk1HP1w62iqROy","Baby Don't Hurt Me","spotify:artist:1Cs0zKBU1kc0i8ypK3B9ai, spotify:artist:1zNqDE7qDGCsyzJwohVaoX, spotify:artist:6AMd49uBDJfhf30Ak2QR5s","David Guetta, Anne-Marie, Coi Leray","4/6/2023","https://i.scdn.co/image/ab67616d0000b2730b4ef75c3728599aa4104f7a",1,1,140017,"https://p.scdn.co/mp3-preview/a8f2e176e17e0f6298b42ef8e96118318fdd2b89?cid=9950ac751e34487dbbe027c4fd7f8e99",FALSE,94,"UKWLG2300016","spotify:user:bradnumber1",2023-07-11 05:37:45,"big room,dance pop,edm,pop,pop dance,pop,new jersey underground rap,trap queen",0.602,0.91,1.512,7,-3.404,0.0308,0.00126,0.000174,0.12,0.228,127.944,4,"Parlophone UK","C Under license to Warner Music UK Limited, c 2023 What A DJ Ltd, P Under license to Warner Music UK Limited, ? 2023 What A DJ Ltd",2023,"pop",NA
"spotify:track:3BKD1PwArikchz2Zrlp1qi","Baby Don't Hurt Me","spotify:artist:1Cs0zKBU1kc0i8ypK3B9ai, spotify:artist:1zNqDE7qDGCsyzJwohVaoX, spotify:artist:6AMd49uBDJfhf30Ak2QR5s","David Guetta, Anne-Marie, Coi Leray","spotify:album:327tc3Eruk1HP1w62iqROy","Baby Don't Hurt Me","spotify:artist:1Cs0zKBU1kc0i8ypK3B9ai, spotify:artist:1zNqDE7qDGCsyzJwohVaoX, spotify:artist:6AMd49uBDJfhf30Ak2QR5s","David Guetta, Anne-Marie, Coi Leray","4/6/2023","https://i.scdn.co/image/ab67616d0000b2730b4ef75c3728599aa4104f7a",1,1,140017,"https://p.scdn.co/mp3-preview/a8f2e176e17e0f6298b42ef8e96118318fdd2b89?cid=9950ac751e34487dbbe027c4fd7f8e99",FALSE,94,"UKWLG2300016","spotify:user:bradnumber1",2023-07-11 05:37:45,"big room,dance pop,edm,pop,pop dance,pop,new jersey underground rap,trap queen",0.602,0.91,1.512,7,-3.404,0.0308,0.00126,0.000174,0.12,0.228,127.944,4,"Parlophone UK","C Under license to Warner Music UK Limited, c 2023 What A DJ Ltd, P Under license to Warner Music UK Limited, ? 2023 What A DJ Ltd",2023,"pop dance",NA
"spotify:track:3BKD1PwArikchz2Zrlp1qi","Baby Don't Hurt Me","spotify:artist:1Cs0zKBU1kc0i8ypK3B9ai, spotify:artist:1zNqDE7qDGCsyzJwohVaoX, spotify:artist:6AMd49uBDJfhf30Ak2QR5s","David Guetta, Anne-Marie, Coi Leray","spotify:album:327tc3Eruk1HP1w62iqROy","Baby Don't Hurt Me","spotify:artist:1Cs0zKBU1kc0i8ypK3B9ai, spotify:artist:1zNqDE7qDGCsyzJwohVaoX, spotify:artist:6AMd49uBDJfhf30Ak2QR5s","David Guetta, Anne-Marie, Coi Leray","4/6/2023","https://i.scdn.co/image/ab67616d0000b2730b4ef75c3728599aa4104f7a",1,1,140017,"https://p.scdn.co/mp3-preview/a8f2e176e17e0f6298b42ef8e96118318fdd2b89?cid=9950ac751e34487dbbe027c4fd7f8e99",FALSE,94,"UKWLG2300016","spotify:user:bradnumber1",2023-07-11 05:37:45,"big room,dance pop,edm,pop,pop dance,pop,new jersey underground rap,trap queen",0.602,0.91,1.512,7,-3.404,0.0308,0.00126,0.000174,0.12,0.228,127.944,4,"Parlophone UK","C Under license to Warner Music UK Limited, c 2023 What A DJ Ltd, P Under license to Warner Music UK Limited, ? 2023 What A DJ Ltd",2023,"pop",NA
"spotify:track:3BKD1PwArikchz2Zrlp1qi","Baby Don't Hurt Me","spotify:artist:1Cs0zKBU1kc0i8ypK3B9ai, spotify:artist:1zNqDE7qDGCsyzJwohVaoX, spotify:artist:6AMd49uBDJfhf30Ak2QR5s","David Guetta, Anne-Marie, Coi Leray","spotify:album:327tc3Eruk1HP1w62iqROy","Baby Don't Hurt Me","spotify:artist:1Cs0zKBU1kc0i8ypK3B9ai, spotify:artist:1zNqDE7qDGCsyzJwohVaoX, spotify:artist:6AMd49uBDJfhf30Ak2QR5s","David Guetta, Anne-Marie, Coi Leray","4/6/2023","https://i.scdn.co/image/ab67616d0000b2730b4ef75c3728599aa4104f7a",1,1,140017,"https://p.scdn.co/mp3-preview/a8f2e176e17e0f6298b42ef8e96118318fdd2b89?cid=9950ac751e34487dbbe027c4fd7f8e99",FALSE,94,"UKWLG2300016","spotify:user:bradnumber1",2023-07-11 05:37:45,"big room,dance pop,edm,pop,pop dance,pop,new jersey underground rap,trap queen",0.602,0.91,1.512,7,-3.404,0.0308,0.00126,0.000174,0.12,0.228,127.944,4,"Parlophone UK","C Under license to Warner Music UK Limited, c 2023 What A DJ Ltd, P Under license to Warner Music UK Limited, ? 2023 What A DJ Ltd",2023,"new jersey underground rap",NA
"spotify:track:3BKD1PwArikchz2Zrlp1qi","Baby Don't Hurt Me","spotify:artist:1Cs0zKBU1kc0i8ypK3B9ai, spotify:artist:1zNqDE7qDGCsyzJwohVaoX, spotify:artist:6AMd49uBDJfhf30Ak2QR5s","David Guetta, Anne-Marie, Coi Leray","spotify:album:327tc3Eruk1HP1w62iqROy","Baby Don't Hurt Me","spotify:artist:1Cs0zKBU1kc0i8ypK3B9ai, spotify:artist:1zNqDE7qDGCsyzJwohVaoX, spotify:artist:6AMd49uBDJfhf30Ak2QR5s","David Guetta, Anne-Marie, Coi Leray","4/6/2023","https://i.scdn.co/image/ab67616d0000b2730b4ef75c3728599aa4104f7a",1,1,140017,"https://p.scdn.co/mp3-preview/a8f2e176e17e0f6298b42ef8e96118318fdd2b89?cid=9950ac751e34487dbbe027c4fd7f8e99",FALSE,94,"UKWLG2300016","spotify:user:bradnumber1",2023-07-11 05:37:45,"big room,dance pop,edm,pop,pop dance,pop,new jersey underground rap,trap queen",0.602,0.91,1.512,7,-3.404,0.0308,0.00126,0.000174,0.12,0.228,127.944,4,"Parlophone UK","C Under license to Warner Music UK Limited, c 2023 What A DJ Ltd, P Under license to Warner Music UK Limited, ? 2023 What A DJ Ltd",2023,"trap queen",NA
"spotify:track:4LRPiXqCikLlN15c3yImP7","As It Was","spotify:artist:6KImCVD70vtIoJWnq6nGn3","Harry Styles","spotify:album:2pqdSWeJVsXAhHFuVLzuA8","As It Was","spotify:artist:6KImCVD70vtIoJWnq6nGn3","Harry Styles","3/31/2022","https://i.scdn.co/image/ab67616d0000b273b46f74097655d7f353caab14",1,1,167303,"https://p.scdn.co/mp3-preview/c43dd07043b29e800c1a65b3a0102861fa3cf418?cid=9950ac751e34487dbbe027c4fd7f8e99",FALSE,93,"USSM12200612","spotify:user:bradnumber1",2022-04-05 08:06:34,"pop",0.52,0.731,1.251,6,-5.338,0.0557,0.342,0.00101,0.311,0.662,173.93,4,"Columbia","P (P) 2022 Erskine Records Limited, under exclusive license to Columbia Records, a Division of Sony Music Entertainment",2022,"pop",NA
"spotify:track:1Y3LN4zO1Edc2EluIoSPJN","Until I Found You (with Em Beihold) - Em Beihold Version","spotify:artist:5XKFrudbV4IiuE5WuTPRmT, spotify:artist:7o2ZQYM7nTsaVdkXY38UAA","Stephen Sanchez, Em Beihold","spotify:album:7ARtQpvnPN2ucbmVHngLOs","Until I Found You (Em Beihold Version)","spotify:artist:5XKFrudbV4IiuE5WuTPRmT, spotify:artist:7o2ZQYM7nTsaVdkXY38UAA","Stephen Sanchez, Em Beihold","4/22/2022","https://i.scdn.co/image/ab67616d0000b2732bf0876d42b90a8852ad6244",1,1,176440,"https://p.scdn.co/mp3-preview/b3a1f2337811888fd2264a908987a60d4ad01774?cid=9950ac751e34487dbbe027c4fd7f8e99",FALSE,93,"USUG12202266","spotify:user:bradnumber1",2023-02-14 22:36:02,"gen z singer-songwriter,alt z,gen z singer-songwriter",0.551,0.55,1.101,10,-5.339,0.0286,0.777,0,0.202,0.342,101.19,3,"Republic Records","C c 2022 Stephen Sanchez, under exclusive license to Mercury Records/Republic Records, a division of UMG Recordings, Inc., P ? 2022 Stephen Sanchez, under exclusive license to Mercury Records/Republic Records, a division of UMG Recordings, Inc.",2022,"gen z singer-songwriter",NA
"spotify:track:1Y3LN4zO1Edc2EluIoSPJN","Until I Found You (with Em Beihold) - Em Beihold Version","spotify:artist:5XKFrudbV4IiuE5WuTPRmT, spotify:artist:7o2ZQYM7nTsaVdkXY38UAA","Stephen Sanchez, Em Beihold","spotify:album:7ARtQpvnPN2ucbmVHngLOs","Until I Found You (Em Beihold Version)","spotify:artist:5XKFrudbV4IiuE5WuTPRmT, spotify:artist:7o2ZQYM7nTsaVdkXY38UAA","Stephen Sanchez, Em Beihold","4/22/2022","https://i.scdn.co/image/ab67616d0000b2732bf0876d42b90a8852ad6244",1,1,176440,"https://p.scdn.co/mp3-preview/b3a1f2337811888fd2264a908987a60d4ad01774?cid=9950ac751e34487dbbe027c4fd7f8e99",FALSE,93,"USUG12202266","spotify:user:bradnumber1",2023-02-14 22:36:02,"gen z singer-songwriter,alt z,gen z singer-songwriter",0.551,0.55,1.101,10,-5.339,0.0286,0.777,0,0.202,0.342,101.19,3,"Republic Records","C c 2022 Stephen Sanchez, under exclusive license to Mercury Records/Republic Records, a division of UMG Recordings, Inc., P ? 2022 Stephen Sanchez, under exclusive license to Mercury Records/Republic Records, a division of UMG Recordings, Inc.",2022,"alt z",NA
"spotify:track:1Y3LN4zO1Edc2EluIoSPJN","Until I Found You (with Em Beihold) - Em Beihold Version","spotify:artist:5XKFrudbV4IiuE5WuTPRmT, spotify:artist:7o2ZQYM7nTsaVdkXY38UAA","Stephen Sanchez, Em Beihold","spotify:album:7ARtQpvnPN2ucbmVHngLOs","Until I Found You (Em Beihold Version)","spotify:artist:5XKFrudbV4IiuE5WuTPRmT, spotify:artist:7o2ZQYM7nTsaVdkXY38UAA","Stephen Sanchez, Em Beihold","4/22/2022","https://i.scdn.co/image/ab67616d0000b2732bf0876d42b90a8852ad6244",1,1,176440,"https://p.scdn.co/mp3-preview/b3a1f2337811888fd2264a908987a60d4ad01774?cid=9950ac751e34487dbbe027c4fd7f8e99",FALSE,93,"USUG12202266","spotify:user:bradnumber1",2023-02-14 22:36:02,"gen z singer-songwriter,alt z,gen z singer-songwriter",0.551,0.55,1.101,10,-5.339,0.0286,0.777,0,0.202,0.342,101.19,3,"Republic Records","C c 2022 Stephen Sanchez, under exclusive license to Mercury Records/Republic Records, a division of UMG Recordings, Inc., P ? 2022 Stephen Sanchez, under exclusive license to Mercury Records/Republic Records, a division of UMG Recordings, Inc.",2022,"gen z singer-songwriter",NA
"spotify:track:3AJwUDP919kvQ9QcozQPxg","Yellow","spotify:artist:4gzpq5DPGxSnKTe4SA8HAU","Coldplay","spotify:album:6ZG5lRT77aJ3btmArcykra","Parachutes","spotify:artist:4gzpq5DPGxSnKTe4SA8HAU","Coldplay","7/10/2000","https://i.scdn.co/image/ab67616d0000b2733d92b2ad5af9fbc8637425f0",1,5,266773,"https://p.scdn.co/mp3-preview/c0d9119dc69cae75baf6463e21e43f433fdf5ff4?cid=9950ac751e34487dbbe027c4fd7f8e99",FALSE,93,"GBAYE0000267","spotify:user:bradnumber1",2021-08-08 09:26:31,"permanent wave,pop",0.429,0.661,1.09,11,-7.227,0.0281,0.00239,0.000121,0.234,0.285,173.372,4,"Parlophone UK","C c 2000 Parlophone Records Ltd, a Warner Music Group Company, P ? 2000 Parlophone Records Ltd, a Warner Music Group Company",2000,"permanent wave","2000"
"spotify:track:3AJwUDP919kvQ9QcozQPxg","Yellow","spotify:artist:4gzpq5DPGxSnKTe4SA8HAU","Coldplay","spotify:album:6ZG5lRT77aJ3btmArcykra","Parachutes","spotify:artist:4gzpq5DPGxSnKTe4SA8HAU","Coldplay","7/10/2000","https://i.scdn.co/image/ab67616d0000b2733d92b2ad5af9fbc8637425f0",1,5,266773,"https://p.scdn.co/mp3-preview/c0d9119dc69cae75baf6463e21e43f433fdf5ff4?cid=9950ac751e34487dbbe027c4fd7f8e99",FALSE,93,"GBAYE0000267","spotify:user:bradnumber1",2021-08-08 09:26:31,"permanent wave,pop",0.429,0.661,1.09,11,-7.227,0.0281,0.00239,0.000121,0.234,0.285,173.372,4,"Parlophone UK","C c 2000 Parlophone Records Ltd, a Warner Music Group Company, P ? 2000 Parlophone Records Ltd, a Warner Music Group Company",2000,"pop","2000"
"spotify:track:0VjIjW4GlUZAMYd2vXMi3b","Blinding Lights","spotify:artist:1Xyo4u8uXC1ZmMpatF05PJ","The Weeknd","spotify:album:4yP0hdKOZPNshxUOjY0cZj","After Hours","spotify:artist:1Xyo4u8uXC1ZmMpatF05PJ","The Weeknd","3/20/2020","https://i.scdn.co/image/ab67616d0000b2738863bc11d2aa12b54f5aeb36",1,9,200040,"https://p.scdn.co/mp3-preview/51c08d92815cce4ac2de94a7335a430b81234624?cid=9950ac751e34487dbbe027c4fd7f8e99",FALSE,93,"USUG11904206","spotify:user:bradnumber1",2021-08-08 09:26:31,"canadian contemporary r&b,canadian pop,pop",0.514,0.73,1.244,1,-5.934,0.0598,0.00146,9.54e-05,0.0897,0.334,171.005,4,"Republic Records","C c 2020 The Weeknd XO, Inc., marketed by Republic Records, a division of UMG Recordings, Inc., P ? 2020 The Weeknd XO, Inc., marketed by Republic Records, a division of UMG Recordings, Inc.",2020,"canadian contemporary r&b","2020"
